"D7CC5D5C6F46B32168D74B9F383A2AB8648C77EBC6CD200AB30EA872A977956D","1200","number_add","1","8"
"D7CC5D5C6F46B32168D74B9F383A2AB8648C77EBC6CD200AB30EA872A977956D","1200","number_add","49","8"
"D7CC5D5C6F46B32168D74B9F383A2AB8648C77EBC6CD200AB30EA872A977956D","1200","number_add","56","8"
"D7CC5D5C6F46B32168D74B9F383A2AB8648C77EBC6CD200AB30EA872A977956D","1200","number_add","10","3"
"D7CC5D5C6F46B32168D74B9F383A2AB8648C77EBC6CD200AB30EA872A977956D","1200","number_add","76","5"
"D7CC5D5C6F46B32168D74B9F383A2AB8648C77EBC6CD200AB30EA872A977956D","1200","number_add","70","5"
"D7CC5D5C6F46B32168D74B9F383A2AB8648C77EBC6CD200AB30EA872A977956D","1200","number_add","46","5"
"D7CC5D5C6F46B32168D74B9F383A2AB8648C77EBC6CD200AB30EA872A977956D","1200","number_add","54","5"
"D7CC5D5C6F46B32168D74B9F383A2AB8648C77EBC6CD200AB30EA872A977956D","1200","number_add","24","5"
"D7CC5D5C6F46B32168D74B9F383A2AB8648C77EBC6CD200AB30EA872A977956D","1200","note_add","12","6"
"D7CC5D5C6F46B32168D74B9F383A2AB8648C77EBC6CD200AB30EA872A977956D","1200","number_add","80","9"
"D7CC5D5C6F46B32168D74B9F383A2AB8648C77EBC6CD200AB30EA872A977956D","1200","note_add","21","6"
"D7CC5D5C6F46B32168D74B9F383A2AB8648C77EBC6CD200AB30EA872A977956D","1200","note_add","4","6"
"D7CC5D5C6F46B32168D74B9F383A2AB8648C77EBC6CD200AB30EA872A977956D","1200","number_add","74","3"
"D7CC5D5C6F46B32168D74B9F383A2AB8648C77EBC6CD200AB30EA872A977956D","1200","number_add","36","2"
"D7CC5D5C6F46B32168D74B9F383A2AB8648C77EBC6CD200AB30EA872A977956D","1200","note_add","23","6"
"D7CC5D5C6F46B32168D74B9F383A2AB8648C77EBC6CD200AB30EA872A977956D","1200","note_add","14","6"
"D7CC5D5C6F46B32168D74B9F383A2AB8648C77EBC6CD200AB30EA872A977956D","1200","number_add","39","5"
"D7CC5D5C6F46B32168D74B9F383A2AB8648C77EBC6CD200AB30EA872A977956D","1200","note_add","21","8"
"D7CC5D5C6F46B32168D74B9F383A2AB8648C77EBC6CD200AB30EA872A977956D","1200","number_add","0","9"
"D7CC5D5C6F46B32168D74B9F383A2AB8648C77EBC6CD200AB30EA872A977956D","1200","note_add","18","1"
"D7CC5D5C6F46B32168D74B9F383A2AB8648C77EBC6CD200AB30EA872A977956D","1200","note_add","23","8"
"D7CC5D5C6F46B32168D74B9F383A2AB8648C77EBC6CD200AB30EA872A977956D","1200","note_add","9","1"
"D7CC5D5C6F46B32168D74B9F383A2AB8648C77EBC6CD200AB30EA872A977956D","1200","note_add","16","1"
"D7CC5D5C6F46B32168D74B9F383A2AB8648C77EBC6CD200AB30EA872A977956D","1200","note_add","20","1"
"D7CC5D5C6F46B32168D74B9F383A2AB8648C77EBC6CD200AB30EA872A977956D","1200","note_remove","21","8"
"D7CC5D5C6F46B32168D74B9F383A2AB8648C77EBC6CD200AB30EA872A977956D","1200","note_add","17","1"
"D7CC5D5C6F46B32168D74B9F383A2AB8648C77EBC6CD200AB30EA872A977956D","1200","note_add","7","1"
"D7CC5D5C6F46B32168D74B9F383A2AB8648C77EBC6CD200AB30EA872A977956D","1200","note_add","14","8"
"D7CC5D5C6F46B32168D74B9F383A2AB8648C77EBC6CD200AB30EA872A977956D","1200","note_add","2","1"
"D7CC5D5C6F46B32168D74B9F383A2AB8648C77EBC6CD200AB30EA872A977956D","1200","note_add","18","4"
"D7CC5D5C6F46B32168D74B9F383A2AB8648C77EBC6CD200AB30EA872A977956D","1200","note_add","21","9"
"D7CC5D5C6F46B32168D74B9F383A2AB8648C77EBC6CD200AB30EA872A977956D","1200","note_add","20","4"
"D7CC5D5C6F46B32168D74B9F383A2AB8648C77EBC6CD200AB30EA872A977956D","1200","note_add","2","4"
"D7CC5D5C6F46B32168D74B9F383A2AB8648C77EBC6CD200AB30EA872A977956D","1200","note_add","26","1"
"D7CC5D5C6F46B32168D74B9F383A2AB8648C77EBC6CD200AB30EA872A977956D","1200","note_add","6","1"
"D7CC5D5C6F46B32168D74B9F383A2AB8648C77EBC6CD200AB30EA872A977956D","1200","note_add","20","6"
"D7CC5D5C6F46B32168D74B9F383A2AB8648C77EBC6CD200AB30EA872A977956D","1200","note_add","23","9"
"D7CC5D5C6F46B32168D74B9F383A2AB8648C77EBC6CD200AB30EA872A977956D","1200","note_add","26","4"
"D7CC5D5C6F46B32168D74B9F383A2AB8648C77EBC6CD200AB30EA872A977956D","1200","note_add","8","4"
"D7CC5D5C6F46B32168D74B9F383A2AB8648C77EBC6CD200AB30EA872A977956D","1200","note_add","2","6"
"D7CC5D5C6F46B32168D74B9F383A2AB8648C77EBC6CD200AB30EA872A977956D","1200","note_add","26","6"
"D7CC5D5C6F46B32168D74B9F383A2AB8648C77EBC6CD200AB30EA872A977956D","1200","note_add","9","7"
"D7CC5D5C6F46B32168D74B9F383A2AB8648C77EBC6CD200AB30EA872A977956D","1200","note_add","6","4"
"D7CC5D5C6F46B32168D74B9F383A2AB8648C77EBC6CD200AB30EA872A977956D","1200","note_add","8","1"
"D7CC5D5C6F46B32168D74B9F383A2AB8648C77EBC6CD200AB30EA872A977956D","1200","note_add","21","1"
"D7CC5D5C6F46B32168D74B9F383A2AB8648C77EBC6CD200AB30EA872A977956D","1200","note_add","2","7"
"D7CC5D5C6F46B32168D74B9F383A2AB8648C77EBC6CD200AB30EA872A977956D","1200","note_add","17","6"
"D7CC5D5C6F46B32168D74B9F383A2AB8648C77EBC6CD200AB30EA872A977956D","1200","note_add","12","1"
"D7CC5D5C6F46B32168D74B9F383A2AB8648C77EBC6CD200AB30EA872A977956D","1200","note_add","16","6"
"D7CC5D5C6F46B32168D74B9F383A2AB8648C77EBC6CD200AB30EA872A977956D","1200","note_add","4","1"
"D7CC5D5C6F46B32168D74B9F383A2AB8648C77EBC6CD200AB30EA872A977956D","1200","note_add","8","6"
"D7CC5D5C6F46B32168D74B9F383A2AB8648C77EBC6CD200AB30EA872A977956D","1200","note_add","7","6"
"D7CC5D5C6F46B32168D74B9F383A2AB8648C77EBC6CD200AB30EA872A977956D","1200","note_add","12","2"
"D7CC5D5C6F46B32168D74B9F383A2AB8648C77EBC6CD200AB30EA872A977956D","1200","note_add","6","6"
"D7CC5D5C6F46B32168D74B9F383A2AB8648C77EBC6CD200AB30EA872A977956D","1200","note_add","16","7"
"D7CC5D5C6F46B32168D74B9F383A2AB8648C77EBC6CD200AB30EA872A977956D","1200","note_add","14","2"
"D7CC5D5C6F46B32168D74B9F383A2AB8648C77EBC6CD200AB30EA872A977956D","1200","note_add","6","2"
"D7CC5D5C6F46B32168D74B9F383A2AB8648C77EBC6CD200AB30EA872A977956D","1200","note_add","7","7"
"D7CC5D5C6F46B32168D74B9F383A2AB8648C77EBC6CD200AB30EA872A977956D","1200","note_add","7","2"
"D7CC5D5C6F46B32168D74B9F383A2AB8648C77EBC6CD200AB30EA872A977956D","1200","note_add","6","7"
"D7CC5D5C6F46B32168D74B9F383A2AB8648C77EBC6CD200AB30EA872A977956D","1200","note_add","8","2"
"D7CC5D5C6F46B32168D74B9F383A2AB8648C77EBC6CD200AB30EA872A977956D","1200","note_add","17","8"
"D7CC5D5C6F46B32168D74B9F383A2AB8648C77EBC6CD200AB30EA872A977956D","1200","note_add","26","8"
"D7CC5D5C6F46B32168D74B9F383A2AB8648C77EBC6CD200AB30EA872A977956D","1200","note_add","28","1"
"D7CC5D5C6F46B32168D74B9F383A2AB8648C77EBC6CD200AB30EA872A977956D","1200","note_add","29","1"
"D7CC5D5C6F46B32168D74B9F383A2AB8648C77EBC6CD200AB30EA872A977956D","1200","note_add","38","1"
"D7CC5D5C6F46B32168D74B9F383A2AB8648C77EBC6CD200AB30EA872A977956D","1200","note_add","47","1"
"D7CC5D5C6F46B32168D74B9F383A2AB8648C77EBC6CD200AB30EA872A977956D","1200","note_add","28","4"
"D7CC5D5C6F46B32168D74B9F383A2AB8648C77EBC6CD200AB30EA872A977956D","1200","note_add","38","4"
"D7CC5D5C6F46B32168D74B9F383A2AB8648C77EBC6CD200AB30EA872A977956D","1200","note_add","29","4"
"D7CC5D5C6F46B32168D74B9F383A2AB8648C77EBC6CD200AB30EA872A977956D","1200","note_add","47","4"
"D7CC5D5C6F46B32168D74B9F383A2AB8648C77EBC6CD200AB30EA872A977956D","1200","note_add","28","7"
"D7CC5D5C6F46B32168D74B9F383A2AB8648C77EBC6CD200AB30EA872A977956D","1200","note_add","38","7"
"D7CC5D5C6F46B32168D74B9F383A2AB8648C77EBC6CD200AB30EA872A977956D","1200","note_add","29","7"
"D7CC5D5C6F46B32168D74B9F383A2AB8648C77EBC6CD200AB30EA872A977956D","1200","note_add","47","7"
"D7CC5D5C6F46B32168D74B9F383A2AB8648C77EBC6CD200AB30EA872A977956D","1200","note_add","47","9"
"D7CC5D5C6F46B32168D74B9F383A2AB8648C77EBC6CD200AB30EA872A977956D","1200","note_add","29","9"
"D7CC5D5C6F46B32168D74B9F383A2AB8648C77EBC6CD200AB30EA872A977956D","1200","note_add","30","1"
"D7CC5D5C6F46B32168D74B9F383A2AB8648C77EBC6CD200AB30EA872A977956D","1200","note_add","48","1"
"D7CC5D5C6F46B32168D74B9F383A2AB8648C77EBC6CD200AB30EA872A977956D","1200","note_add","31","1"
"D7CC5D5C6F46B32168D74B9F383A2AB8648C77EBC6CD200AB30EA872A977956D","1200","note_add","30","2"
"D7CC5D5C6F46B32168D74B9F383A2AB8648C77EBC6CD200AB30EA872A977956D","1200","note_add","32","2"
"D7CC5D5C6F46B32168D74B9F383A2AB8648C77EBC6CD200AB30EA872A977956D","1200","note_add","50","2"
"D7CC5D5C6F46B32168D74B9F383A2AB8648C77EBC6CD200AB30EA872A977956D","1200","note_add","41","3"
"D7CC5D5C6F46B32168D74B9F383A2AB8648C77EBC6CD200AB30EA872A977956D","1200","note_add","48","2"
"D7CC5D5C6F46B32168D74B9F383A2AB8648C77EBC6CD200AB30EA872A977956D","1200","note_add","32","3"
"D7CC5D5C6F46B32168D74B9F383A2AB8648C77EBC6CD200AB30EA872A977956D","1200","note_add","50","4"
"D7CC5D5C6F46B32168D74B9F383A2AB8648C77EBC6CD200AB30EA872A977956D","1200","note_add","48","4"
"D7CC5D5C6F46B32168D74B9F383A2AB8648C77EBC6CD200AB30EA872A977956D","1200","note_add","30","4"
"D7CC5D5C6F46B32168D74B9F383A2AB8648C77EBC6CD200AB30EA872A977956D","1200","note_add","50","6"
"D7CC5D5C6F46B32168D74B9F383A2AB8648C77EBC6CD200AB30EA872A977956D","1200","note_add","32","4"
"D7CC5D5C6F46B32168D74B9F383A2AB8648C77EBC6CD200AB30EA872A977956D","1200","note_add","48","6"
"D7CC5D5C6F46B32168D74B9F383A2AB8648C77EBC6CD200AB30EA872A977956D","1200","note_add","32","6"
"D7CC5D5C6F46B32168D74B9F383A2AB8648C77EBC6CD200AB30EA872A977956D","1200","note_add","30","6"
"D7CC5D5C6F46B32168D74B9F383A2AB8648C77EBC6CD200AB30EA872A977956D","1200","note_add","41","7"
"D7CC5D5C6F46B32168D74B9F383A2AB8648C77EBC6CD200AB30EA872A977956D","1200","note_add","32","7"
"D7CC5D5C6F46B32168D74B9F383A2AB8648C77EBC6CD200AB30EA872A977956D","1200","note_add","30","7"
"D7CC5D5C6F46B32168D74B9F383A2AB8648C77EBC6CD200AB30EA872A977956D","1200","note_remove","47","7"
"D7CC5D5C6F46B32168D74B9F383A2AB8648C77EBC6CD200AB30EA872A977956D","1200","note_add","51","1"
"D7CC5D5C6F46B32168D74B9F383A2AB8648C77EBC6CD200AB30EA872A977956D","1200","note_add","33","1"
"D7CC5D5C6F46B32168D74B9F383A2AB8648C77EBC6CD200AB30EA872A977956D","1200","note_add","34","1"
"D7CC5D5C6F46B32168D74B9F383A2AB8648C77EBC6CD200AB30EA872A977956D","1200","note_add","52","1"
"D7CC5D5C6F46B32168D74B9F383A2AB8648C77EBC6CD200AB30EA872A977956D","1200","note_add","42","1"
"D7CC5D5C6F46B32168D74B9F383A2AB8648C77EBC6CD200AB30EA872A977956D","1200","note_add","44","1"
"D7CC5D5C6F46B32168D74B9F383A2AB8648C77EBC6CD200AB30EA872A977956D","1200","note_add","34","2"
"D7CC5D5C6F46B32168D74B9F383A2AB8648C77EBC6CD200AB30EA872A977956D","1200","note_add","33","2"
"D7CC5D5C6F46B32168D74B9F383A2AB8648C77EBC6CD200AB30EA872A977956D","1200","note_add","52","2"
"D7CC5D5C6F46B32168D74B9F383A2AB8648C77EBC6CD200AB30EA872A977956D","1200","note_add","51","2"
"D7CC5D5C6F46B32168D74B9F383A2AB8648C77EBC6CD200AB30EA872A977956D","1200","note_add","42","3"
"D7CC5D5C6F46B32168D74B9F383A2AB8648C77EBC6CD200AB30EA872A977956D","1200","note_add","44","3"
"D7CC5D5C6F46B32168D74B9F383A2AB8648C77EBC6CD200AB30EA872A977956D","1200","note_add","51","4"
"D7CC5D5C6F46B32168D74B9F383A2AB8648C77EBC6CD200AB30EA872A977956D","1200","note_add","33","3"
"D7CC5D5C6F46B32168D74B9F383A2AB8648C77EBC6CD200AB30EA872A977956D","1200","note_add","42","4"
"D7CC5D5C6F46B32168D74B9F383A2AB8648C77EBC6CD200AB30EA872A977956D","1200","note_add","33","4"
"D7CC5D5C6F46B32168D74B9F383A2AB8648C77EBC6CD200AB30EA872A977956D","1200","note_add","44","4"
"D7CC5D5C6F46B32168D74B9F383A2AB8648C77EBC6CD200AB30EA872A977956D","1200","note_add","52","6"
"D7CC5D5C6F46B32168D74B9F383A2AB8648C77EBC6CD200AB30EA872A977956D","1200","note_add","33","6"
"D7CC5D5C6F46B32168D74B9F383A2AB8648C77EBC6CD200AB30EA872A977956D","1200","note_add","51","6"
"D7CC5D5C6F46B32168D74B9F383A2AB8648C77EBC6CD200AB30EA872A977956D","1200","note_remove","33","6"
"D7CC5D5C6F46B32168D74B9F383A2AB8648C77EBC6CD200AB30EA872A977956D","1200","note_add","33","6"
"D7CC5D5C6F46B32168D74B9F383A2AB8648C77EBC6CD200AB30EA872A977956D","1200","note_add","33","6"
"D7CC5D5C6F46B32168D74B9F383A2AB8648C77EBC6CD200AB30EA872A977956D","1200","note_remove","33","6"
"D7CC5D5C6F46B32168D74B9F383A2AB8648C77EBC6CD200AB30EA872A977956D","1200","note_add","34","6"
"D7CC5D5C6F46B32168D74B9F383A2AB8648C77EBC6CD200AB30EA872A977956D","1200","note_add","52","9"
"D7CC5D5C6F46B32168D74B9F383A2AB8648C77EBC6CD200AB30EA872A977956D","1200","note_add","63","1"
"D7CC5D5C6F46B32168D74B9F383A2AB8648C77EBC6CD200AB30EA872A977956D","1200","note_add","34","9"
"D7CC5D5C6F46B32168D74B9F383A2AB8648C77EBC6CD200AB30EA872A977956D","1200","note_add","64","1"
"D7CC5D5C6F46B32168D74B9F383A2AB8648C77EBC6CD200AB30EA872A977956D","1200","note_add","63","4"
"D7CC5D5C6F46B32168D74B9F383A2AB8648C77EBC6CD200AB30EA872A977956D","1200","note_add","72","1"
"D7CC5D5C6F46B32168D74B9F383A2AB8648C77EBC6CD200AB30EA872A977956D","1200","note_add","73","1"
"D7CC5D5C6F46B32168D74B9F383A2AB8648C77EBC6CD200AB30EA872A977956D","1200","note_add","72","4"
"D7CC5D5C6F46B32168D74B9F383A2AB8648C77EBC6CD200AB30EA872A977956D","1200","note_add","64","4"
"D7CC5D5C6F46B32168D74B9F383A2AB8648C77EBC6CD200AB30EA872A977956D","1200","note_add","73","4"
"D7CC5D5C6F46B32168D74B9F383A2AB8648C77EBC6CD200AB30EA872A977956D","1200","note_add","72","6"
"D7CC5D5C6F46B32168D74B9F383A2AB8648C77EBC6CD200AB30EA872A977956D","1200","note_add","63","6"
"D7CC5D5C6F46B32168D74B9F383A2AB8648C77EBC6CD200AB30EA872A977956D","1200","note_add","63","7"
"D7CC5D5C6F46B32168D74B9F383A2AB8648C77EBC6CD200AB30EA872A977956D","1200","note_add","64","7"
"D7CC5D5C6F46B32168D74B9F383A2AB8648C77EBC6CD200AB30EA872A977956D","1200","note_add","72","7"
"D7CC5D5C6F46B32168D74B9F383A2AB8648C77EBC6CD200AB30EA872A977956D","1200","note_add","73","7"
"D7CC5D5C6F46B32168D74B9F383A2AB8648C77EBC6CD200AB30EA872A977956D","1200","note_remove","63","4"
"D7CC5D5C6F46B32168D74B9F383A2AB8648C77EBC6CD200AB30EA872A977956D","1200","note_add","66","4"
"D7CC5D5C6F46B32168D74B9F383A2AB8648C77EBC6CD200AB30EA872A977956D","1200","note_remove","64","4"
"D7CC5D5C6F46B32168D74B9F383A2AB8648C77EBC6CD200AB30EA872A977956D","1200","note_add","68","4"
"D7CC5D5C6F46B32168D74B9F383A2AB8648C77EBC6CD200AB30EA872A977956D","1200","note_add","57","6"
"D7CC5D5C6F46B32168D74B9F383A2AB8648C77EBC6CD200AB30EA872A977956D","1200","note_add","66","6"
"D7CC5D5C6F46B32168D74B9F383A2AB8648C77EBC6CD200AB30EA872A977956D","1200","note_add","68","6"
"D7CC5D5C6F46B32168D74B9F383A2AB8648C77EBC6CD200AB30EA872A977956D","1200","note_add","59","6"
"D7CC5D5C6F46B32168D74B9F383A2AB8648C77EBC6CD200AB30EA872A977956D","1200","note_add","66","7"
"D7CC5D5C6F46B32168D74B9F383A2AB8648C77EBC6CD200AB30EA872A977956D","1200","note_add","57","7"
"D7CC5D5C6F46B32168D74B9F383A2AB8648C77EBC6CD200AB30EA872A977956D","1200","note_add","68","7"
"D7CC5D5C6F46B32168D74B9F383A2AB8648C77EBC6CD200AB30EA872A977956D","1200","note_add","59","7"
"D7CC5D5C6F46B32168D74B9F383A2AB8648C77EBC6CD200AB30EA872A977956D","1200","note_add","66","9"
"D7CC5D5C6F46B32168D74B9F383A2AB8648C77EBC6CD200AB30EA872A977956D","1200","note_add","68","9"
"D7CC5D5C6F46B32168D74B9F383A2AB8648C77EBC6CD200AB30EA872A977956D","1200","note_add","31","6"
"D7CC5D5C6F46B32168D74B9F383A2AB8648C77EBC6CD200AB30EA872A977956D","1200","note_add","60","1"
"D7CC5D5C6F46B32168D74B9F383A2AB8648C77EBC6CD200AB30EA872A977956D","1200","note_remove","72","1"
"D7CC5D5C6F46B32168D74B9F383A2AB8648C77EBC6CD200AB30EA872A977956D","1200","note_remove","73","1"
"D7CC5D5C6F46B32168D74B9F383A2AB8648C77EBC6CD200AB30EA872A977956D","1200","note_add","62","1"
"D7CC5D5C6F46B32168D74B9F383A2AB8648C77EBC6CD200AB30EA872A977956D","1200","note_add","78","2"
"D7CC5D5C6F46B32168D74B9F383A2AB8648C77EBC6CD200AB30EA872A977956D","1200","note_add","79","2"
"D7CC5D5C6F46B32168D74B9F383A2AB8648C77EBC6CD200AB30EA872A977956D","1200","note_add","78","3"
"D7CC5D5C6F46B32168D74B9F383A2AB8648C77EBC6CD200AB30EA872A977956D","1200","note_add","60","3"
"D7CC5D5C6F46B32168D74B9F383A2AB8648C77EBC6CD200AB30EA872A977956D","1200","note_add","62","3"
"D7CC5D5C6F46B32168D74B9F383A2AB8648C77EBC6CD200AB30EA872A977956D","1200","note_remove","78","3"
"D7CC5D5C6F46B32168D74B9F383A2AB8648C77EBC6CD200AB30EA872A977956D","1200","note_add","78","6"
"D7CC5D5C6F46B32168D74B9F383A2AB8648C77EBC6CD200AB30EA872A977956D","1200","note_add","79","6"
"D7CC5D5C6F46B32168D74B9F383A2AB8648C77EBC6CD200AB30EA872A977956D","1200","note_add","71","6"
"D7CC5D5C6F46B32168D74B9F383A2AB8648C77EBC6CD200AB30EA872A977956D","1200","note_add","60","6"
"D7CC5D5C6F46B32168D74B9F383A2AB8648C77EBC6CD200AB30EA872A977956D","1200","note_add","62","6"
"D7CC5D5C6F46B32168D74B9F383A2AB8648C77EBC6CD200AB30EA872A977956D","1200","note_add","79","7"
"D7CC5D5C6F46B32168D74B9F383A2AB8648C77EBC6CD200AB30EA872A977956D","1200","note_add","60","7"
"D7CC5D5C6F46B32168D74B9F383A2AB8648C77EBC6CD200AB30EA872A977956D","1200","note_add","78","7"
"D7CC5D5C6F46B32168D74B9F383A2AB8648C77EBC6CD200AB30EA872A977956D","1200","number_add","71","6"
"D7CC5D5C6F46B32168D74B9F383A2AB8648C77EBC6CD200AB30EA872A977956D","1200","note_remove","68","6"
"D7CC5D5C6F46B32168D74B9F383A2AB8648C77EBC6CD200AB30EA872A977956D","1200","note_remove","63","6"
"D7CC5D5C6F46B32168D74B9F383A2AB8648C77EBC6CD200AB30EA872A977956D","1200","note_remove","66","6"
"D7CC5D5C6F46B32168D74B9F383A2AB8648C77EBC6CD200AB30EA872A977956D","1200","number_add","73","4"
"D7CC5D5C6F46B32168D74B9F383A2AB8648C77EBC6CD200AB30EA872A977956D","1200","number_add","72","6"
"D7CC5D5C6F46B32168D74B9F383A2AB8648C77EBC6CD200AB30EA872A977956D","1200","note_remove","18","4"
"D7CC5D5C6F46B32168D74B9F383A2AB8648C77EBC6CD200AB30EA872A977956D","1200","note_remove","26","4"
"D7CC5D5C6F46B32168D74B9F383A2AB8648C77EBC6CD200AB30EA872A977956D","1200","number_add","18","4"
"D7CC5D5C6F46B32168D74B9F383A2AB8648C77EBC6CD200AB30EA872A977956D","1200","note_remove","28","4"
"D7CC5D5C6F46B32168D74B9F383A2AB8648C77EBC6CD200AB30EA872A977956D","1200","note_remove","78","6"
"D7CC5D5C6F46B32168D74B9F383A2AB8648C77EBC6CD200AB30EA872A977956D","1200","number_add","8","2"
"D7CC5D5C6F46B32168D74B9F383A2AB8648C77EBC6CD200AB30EA872A977956D","1200","note_remove","79","6"
"D7CC5D5C6F46B32168D74B9F383A2AB8648C77EBC6CD200AB30EA872A977956D","1200","note_remove","7","2"
"D7CC5D5C6F46B32168D74B9F383A2AB8648C77EBC6CD200AB30EA872A977956D","1200","note_remove","6","2"
"D7CC5D5C6F46B32168D74B9F383A2AB8648C77EBC6CD200AB30EA872A977956D","1200","number_add","44","4"
"D7CC5D5C6F46B32168D74B9F383A2AB8648C77EBC6CD200AB30EA872A977956D","1200","note_remove","42","4"
"D7CC5D5C6F46B32168D74B9F383A2AB8648C77EBC6CD200AB30EA872A977956D","1200","note_remove","38","4"
"D7CC5D5C6F46B32168D74B9F383A2AB8648C77EBC6CD200AB30EA872A977956D","1200","number_add","62","3"
"D7CC5D5C6F46B32168D74B9F383A2AB8648C77EBC6CD200AB30EA872A977956D","1200","note_remove","26","6"
"D7CC5D5C6F46B32168D74B9F383A2AB8648C77EBC6CD200AB30EA872A977956D","1200","note_remove","17","6"
"D7CC5D5C6F46B32168D74B9F383A2AB8648C77EBC6CD200AB30EA872A977956D","1200","note_remove","60","3"
"D7CC5D5C6F46B32168D74B9F383A2AB8648C77EBC6CD200AB30EA872A977956D","1200","note_add","60","3"
"D7CC5D5C6F46B32168D74B9F383A2AB8648C77EBC6CD200AB30EA872A977956D","1200","note_remove","60","3"
"D7CC5D5C6F46B32168D74B9F383A2AB8648C77EBC6CD200AB30EA872A977956D","1200","number_add","60","1"
"D7CC5D5C6F46B32168D74B9F383A2AB8648C77EBC6CD200AB30EA872A977956D","1200","note_remove","42","1"
"D7CC5D5C6F46B32168D74B9F383A2AB8648C77EBC6CD200AB30EA872A977956D","1200","note_remove","33","1"
"D7CC5D5C6F46B32168D74B9F383A2AB8648C77EBC6CD200AB30EA872A977956D","1200","note_remove","51","1"
"D7CC5D5C6F46B32168D74B9F383A2AB8648C77EBC6CD200AB30EA872A977956D","1200","note_remove","7","1"
"D7CC5D5C6F46B32168D74B9F383A2AB8648C77EBC6CD200AB30EA872A977956D","1200","note_remove","6","1"
"D7CC5D5C6F46B32168D74B9F383A2AB8648C77EBC6CD200AB30EA872A977956D","1200","note_remove","20","4"
"D7CC5D5C6F46B32168D74B9F383A2AB8648C77EBC6CD200AB30EA872A977956D","1200","note_remove","32","7"
"D7CC5D5C6F46B32168D74B9F383A2AB8648C77EBC6CD200AB30EA872A977956D","1200","note_remove","33","3"
"D7CC5D5C6F46B32168D74B9F383A2AB8648C77EBC6CD200AB30EA872A977956D","1200","note_remove","16","1"
"D7CC5D5C6F46B32168D74B9F383A2AB8648C77EBC6CD200AB30EA872A977956D","1200","note_remove","68","7"
"D7CC5D5C6F46B32168D74B9F383A2AB8648C77EBC6CD200AB30EA872A977956D","1200","number_add","42","3"
"D7CC5D5C6F46B32168D74B9F383A2AB8648C77EBC6CD200AB30EA872A977956D","1200","number_add","57","7"
"D7CC5D5C6F46B32168D74B9F383A2AB8648C77EBC6CD200AB30EA872A977956D","1198.528","number_add","59","6"
"D7CC5D5C6F46B32168D74B9F383A2AB8648C77EBC6CD200AB30EA872A977956D","1195.151","note_remove","50","6"
"D7CC5D5C6F46B32168D74B9F383A2AB8648C77EBC6CD200AB30EA872A977956D","1193.679","note_remove","23","6"
"D7CC5D5C6F46B32168D74B9F383A2AB8648C77EBC6CD200AB30EA872A977956D","1200","number_add","41","7"
"D7CC5D5C6F46B32168D74B9F383A2AB8648C77EBC6CD200AB30EA872A977956D","1194.315","note_remove","32","6"
"D7CC5D5C6F46B32168D74B9F383A2AB8648C77EBC6CD200AB30EA872A977956D","1200","note_remove","66","7"
"D7CC5D5C6F46B32168D74B9F383A2AB8648C77EBC6CD200AB30EA872A977956D","1200","note_remove","59","7"
"D7CC5D5C6F46B32168D74B9F383A2AB8648C77EBC6CD200AB30EA872A977956D","1193.128","note_remove","14","6"
"D7CC5D5C6F46B32168D74B9F383A2AB8648C77EBC6CD200AB30EA872A977956D","1161.845","note_remove","30","7"
"D7CC5D5C6F46B32168D74B9F383A2AB8648C77EBC6CD200AB30EA872A977956D","1154.138","note_remove","38","7"
"D7CC5D5C6F46B32168D74B9F383A2AB8648C77EBC6CD200AB30EA872A977956D","1145.911","note_remove","28","1"
"D7CC5D5C6F46B32168D74B9F383A2AB8648C77EBC6CD200AB30EA872A977956D","1151.663","number_add","38","1"
"D7CC5D5C6F46B32168D74B9F383A2AB8648C77EBC6CD200AB30EA872A977956D","1147.583","note_remove","47","1"
"D7CC5D5C6F46B32168D74B9F383A2AB8648C77EBC6CD200AB30EA872A977956D","1145.092","note_remove","29","1"
"D7CC5D5C6F46B32168D74B9F383A2AB8648C77EBC6CD200AB30EA872A977956D","1141.865","number_add","9","1"
"D7CC5D5C6F46B32168D74B9F383A2AB8648C77EBC6CD200AB30EA872A977956D","1140.23","number_add","64","1"
"D7CC5D5C6F46B32168D74B9F383A2AB8648C77EBC6CD200AB30EA872A977956D","1139.427","number_add","63","7"
"D7CC5D5C6F46B32168D74B9F383A2AB8648C77EBC6CD200AB30EA872A977956D","1143.32","note_remove","2","1"
"D7CC5D5C6F46B32168D74B9F383A2AB8648C77EBC6CD200AB30EA872A977956D","1136.69","number_add","28","7"
"D7CC5D5C6F46B32168D74B9F383A2AB8648C77EBC6CD200AB30EA872A977956D","1133.981","note_remove","29","7"
"D7CC5D5C6F46B32168D74B9F383A2AB8648C77EBC6CD200AB30EA872A977956D","1126.393","number_add","20","6"
"D7CC5D5C6F46B32168D74B9F383A2AB8648C77EBC6CD200AB30EA872A977956D","1129.083","number_add","2","7"
"D7CC5D5C6F46B32168D74B9F383A2AB8648C77EBC6CD200AB30EA872A977956D","1120.662","note_remove","6","7"
"D7CC5D5C6F46B32168D74B9F383A2AB8648C77EBC6CD200AB30EA872A977956D","1125.038","note_remove","21","6"
"D7CC5D5C6F46B32168D74B9F383A2AB8648C77EBC6CD200AB30EA872A977956D","1120.044","note_remove","7","7"
"D7CC5D5C6F46B32168D74B9F383A2AB8648C77EBC6CD200AB30EA872A977956D","1116.984","number_add","16","7"
"D7CC5D5C6F46B32168D74B9F383A2AB8648C77EBC6CD200AB30EA872A977956D","1105.691","note_add","12","7"
"D7CC5D5C6F46B32168D74B9F383A2AB8648C77EBC6CD200AB30EA872A977956D","1104.587","note_remove","12","7"
"D7CC5D5C6F46B32168D74B9F383A2AB8648C77EBC6CD200AB30EA872A977956D","1104.219","note_remove","12","1"
"D7CC5D5C6F46B32168D74B9F383A2AB8648C77EBC6CD200AB30EA872A977956D","1101.06","note_remove","17","1"
"D7CC5D5C6F46B32168D74B9F383A2AB8648C77EBC6CD200AB30EA872A977956D","1099.037","number_add","17","8"
"D7CC5D5C6F46B32168D74B9F383A2AB8648C77EBC6CD200AB30EA872A977956D","1098.219","number_add","7","6"
"D7CC5D5C6F46B32168D74B9F383A2AB8648C77EBC6CD200AB30EA872A977956D","1099.922","number_add","26","1"
"D7CC5D5C6F46B32168D74B9F383A2AB8648C77EBC6CD200AB30EA872A977956D","1097.534","number_add","6","4"
"D7CC5D5C6F46B32168D74B9F383A2AB8648C77EBC6CD200AB30EA872A977956D","1081.556","number_add","4","1"
"D7CC5D5C6F46B32168D74B9F383A2AB8648C77EBC6CD200AB30EA872A977956D","1085.217","number_add","12","6"
"D7CC5D5C6F46B32168D74B9F383A2AB8648C77EBC6CD200AB30EA872A977956D","1073.786","number_add","14","2"
"D7CC5D5C6F46B32168D74B9F383A2AB8648C77EBC6CD200AB30EA872A977956D","1077.329","number_add","14","4"
"D7CC5D5C6F46B32168D74B9F383A2AB8648C77EBC6CD200AB30EA872A977956D","1061.285","number_add","21","9"
"D7CC5D5C6F46B32168D74B9F383A2AB8648C77EBC6CD200AB30EA872A977956D","1060.5","number_add","23","8"
"D7CC5D5C6F46B32168D74B9F383A2AB8648C77EBC6CD200AB30EA872A977956D","1057.022","number_add","68","9"
"D7CC5D5C6F46B32168D74B9F383A2AB8648C77EBC6CD200AB30EA872A977956D","1056.001","number_add","66","4"
"D7CC5D5C6F46B32168D74B9F383A2AB8648C77EBC6CD200AB30EA872A977956D","1049.017","number_add","78","7"
"D7CC5D5C6F46B32168D74B9F383A2AB8648C77EBC6CD200AB30EA872A977956D","1048.431","number_add","79","2"
"D7CC5D5C6F46B32168D74B9F383A2AB8648C77EBC6CD200AB30EA872A977956D","1043.048","note_remove","52","2"
"D7CC5D5C6F46B32168D74B9F383A2AB8648C77EBC6CD200AB30EA872A977956D","1037.079","note_remove","34","6"
"D7CC5D5C6F46B32168D74B9F383A2AB8648C77EBC6CD200AB30EA872A977956D","1042.43","note_remove","34","2"
"D7CC5D5C6F46B32168D74B9F383A2AB8648C77EBC6CD200AB30EA872A977956D","1023.869","note_remove","51","4"
"D7CC5D5C6F46B32168D74B9F383A2AB8648C77EBC6CD200AB30EA872A977956D","1036.412","note_remove","52","6"
"D7CC5D5C6F46B32168D74B9F383A2AB8648C77EBC6CD200AB30EA872A977956D","1023.32","note_remove","33","4"
"D7CC5D5C6F46B32168D74B9F383A2AB8648C77EBC6CD200AB30EA872A977956D","1016.738","number_add","31","6"
"D7CC5D5C6F46B32168D74B9F383A2AB8648C77EBC6CD200AB30EA872A977956D","1014.855","note_remove","33","6"
"D7CC5D5C6F46B32168D74B9F383A2AB8648C77EBC6CD200AB30EA872A977956D","1013.739","note_remove","33","2"
"D7CC5D5C6F46B32168D74B9F383A2AB8648C77EBC6CD200AB30EA872A977956D","1007.023","number_add","48","6"
"D7CC5D5C6F46B32168D74B9F383A2AB8648C77EBC6CD200AB30EA872A977956D","1010.256","number_add","51","6"
"D7CC5D5C6F46B32168D74B9F383A2AB8648C77EBC6CD200AB30EA872A977956D","1011.106","number_add","33","2"
"D7CC5D5C6F46B32168D74B9F383A2AB8648C77EBC6CD200AB30EA872A977956D","1005.641","number_add","48","0"
"D7CC5D5C6F46B32168D74B9F383A2AB8648C77EBC6CD200AB30EA872A977956D","986.128","number_add","48","2"
"D7CC5D5C6F46B32168D74B9F383A2AB8648C77EBC6CD200AB30EA872A977956D","984.9449","number_add","50","4"
"D7CC5D5C6F46B32168D74B9F383A2AB8648C77EBC6CD200AB30EA872A977956D","982.7621","number_add","47","9"
"D7CC5D5C6F46B32168D74B9F383A2AB8648C77EBC6CD200AB30EA872A977956D","981.8624","number_add","29","4"
"D7CC5D5C6F46B32168D74B9F383A2AB8648C77EBC6CD200AB30EA872A977956D","976.697","number_add","30","2"
"D7CC5D5C6F46B32168D74B9F383A2AB8648C77EBC6CD200AB30EA872A977956D","979.9295","number_add","52","1"
"D7CC5D5C6F46B32168D74B9F383A2AB8648C77EBC6CD200AB30EA872A977956D","974.9473","number_add","30","0"
"D7CC5D5C6F46B32168D74B9F383A2AB8648C77EBC6CD200AB30EA872A977956D","971.2816","number_add","34","9"
"D7CC5D5C6F46B32168D74B9F383A2AB8648C77EBC6CD200AB30EA872A977956D","967.3825","number_add","32","3"
"D7CC5D5C6F46B32168D74B9F383A2AB8648C77EBC6CD200AB30EA872A977956D","968.9155","number_add","30","1"
"D7CC5D5C6F46B32168D74B9F383A2AB8648C77EBC6CD200AB30EA872A977956D","-1","enjoy","-1","6"
"D7CC5D5C6F46B32168D74B9F383A2AB8648C77EBC6CD200AB30EA872A977956D","-1","difficulty","-1","7"
