"D7CC5D5C6F46B32168D74B9F383A2AB8648C77EBC6CD200AB30EA872A977956D","1189.797","note_add","9","1"
"D7CC5D5C6F46B32168D74B9F383A2AB8648C77EBC6CD200AB30EA872A977956D","1186.219","note_remove","1","1"
"D7CC5D5C6F46B32168D74B9F383A2AB8648C77EBC6CD200AB30EA872A977956D","1186.888","note_add","1","1"
"D7CC5D5C6F46B32168D74B9F383A2AB8648C77EBC6CD200AB30EA872A977956D","1183.361","note_add","1","1"
"D7CC5D5C6F46B32168D74B9F383A2AB8648C77EBC6CD200AB30EA872A977956D","1188.125","note_add","18","1"
"D7CC5D5C6F46B32168D74B9F383A2AB8648C77EBC6CD200AB30EA872A977956D","1176.672","note_add","2","2"
"D7CC5D5C6F46B32168D74B9F383A2AB8648C77EBC6CD200AB30EA872A977956D","1171.439","note_add","9","3"
"D7CC5D5C6F46B32168D74B9F383A2AB8648C77EBC6CD200AB30EA872A977956D","1171.874","note_add","18","3"
"D7CC5D5C6F46B32168D74B9F383A2AB8648C77EBC6CD200AB30EA872A977956D","1176.087","note_add","20","2"
"D7CC5D5C6F46B32168D74B9F383A2AB8648C77EBC6CD200AB30EA872A977956D","1170.219","note_add","1","3"
"D7CC5D5C6F46B32168D74B9F383A2AB8648C77EBC6CD200AB30EA872A977956D","1188.744","note_add","9","1"
"D7CC5D5C6F46B32168D74B9F383A2AB8648C77EBC6CD200AB30EA872A977956D","1123.383","note_add","12","9"
"D7CC5D5C6F46B32168D74B9F383A2AB8648C77EBC6CD200AB30EA872A977956D","1187.406","note_add","10","1"
"D7CC5D5C6F46B32168D74B9F383A2AB8648C77EBC6CD200AB30EA872A977956D","1169.7","note_add","2","3"
"D7CC5D5C6F46B32168D74B9F383A2AB8648C77EBC6CD200AB30EA872A977956D","1170.737","note_add","10","3"
"D7CC5D5C6F46B32168D74B9F383A2AB8648C77EBC6CD200AB30EA872A977956D","1107.51","note_add","7","1"
"D7CC5D5C6F46B32168D74B9F383A2AB8648C77EBC6CD200AB30EA872A977956D","1169.165","note_add","20","3"
"D7CC5D5C6F46B32168D74B9F383A2AB8648C77EBC6CD200AB30EA872A977956D","1105.572","note_add","25","1"
"D7CC5D5C6F46B32168D74B9F383A2AB8648C77EBC6CD200AB30EA872A977956D","1166.456","note_add","10","7"
"D7CC5D5C6F46B32168D74B9F383A2AB8648C77EBC6CD200AB30EA872A977956D","1105.053","note_add","26","1"
"D7CC5D5C6F46B32168D74B9F383A2AB8648C77EBC6CD200AB30EA872A977956D","1099.97","note_add","15","2"
"D7CC5D5C6F46B32168D74B9F383A2AB8648C77EBC6CD200AB30EA872A977956D","1165.988","note_add","20","7"
"D7CC5D5C6F46B32168D74B9F383A2AB8648C77EBC6CD200AB30EA872A977956D","1093.621","note_add","7","3"
"D7CC5D5C6F46B32168D74B9F383A2AB8648C77EBC6CD200AB30EA872A977956D","1162.36","note_add","9","8"
"D7CC5D5C6F46B32168D74B9F383A2AB8648C77EBC6CD200AB30EA872A977956D","1161.39","note_add","20","8"
"D7CC5D5C6F46B32168D74B9F383A2AB8648C77EBC6CD200AB30EA872A977956D","1093.102","note_add","8","3"
"D7CC5D5C6F46B32168D74B9F383A2AB8648C77EBC6CD200AB30EA872A977956D","1157.259","note_add","10","9"
"D7CC5D5C6F46B32168D74B9F383A2AB8648C77EBC6CD200AB30EA872A977956D","1156.657","note_add","9","9"
"D7CC5D5C6F46B32168D74B9F383A2AB8648C77EBC6CD200AB30EA872A977956D","1099.485","note_add","6","2"
"D7CC5D5C6F46B32168D74B9F383A2AB8648C77EBC6CD200AB30EA872A977956D","1094.022","note_add","15","3"
"D7CC5D5C6F46B32168D74B9F383A2AB8648C77EBC6CD200AB30EA872A977956D","1097.913","note_add","26","2"
"D7CC5D5C6F46B32168D74B9F383A2AB8648C77EBC6CD200AB30EA872A977956D","1156.189","note_add","18","9"
"D7CC5D5C6F46B32168D74B9F383A2AB8648C77EBC6CD200AB30EA872A977956D","1098.432","note_add","17","2"
"D7CC5D5C6F46B32168D74B9F383A2AB8648C77EBC6CD200AB30EA872A977956D","1148.899","note_add","13","1"
"D7CC5D5C6F46B32168D74B9F383A2AB8648C77EBC6CD200AB30EA872A977956D","1080.596","note_add","17","7"
"D7CC5D5C6F46B32168D74B9F383A2AB8648C77EBC6CD200AB30EA872A977956D","1094.64","note_add","6","3"
"D7CC5D5C6F46B32168D74B9F383A2AB8648C77EBC6CD200AB30EA872A977956D","1092.668","note_add","17","3"
"D7CC5D5C6F46B32168D74B9F383A2AB8648C77EBC6CD200AB30EA872A977956D","1149.417","note_add","12","1"
"D7CC5D5C6F46B32168D74B9F383A2AB8648C77EBC6CD200AB30EA872A977956D","1087.769","note_add","6","5"
"D7CC5D5C6F46B32168D74B9F383A2AB8648C77EBC6CD200AB30EA872A977956D","1092.216","note_add","26","3"
"D7CC5D5C6F46B32168D74B9F383A2AB8648C77EBC6CD200AB30EA872A977956D","1148.364","note_add","14","1"
"D7CC5D5C6F46B32168D74B9F383A2AB8648C77EBC6CD200AB30EA872A977956D","1091.715","note_add","25","3"
"D7CC5D5C6F46B32168D74B9F383A2AB8648C77EBC6CD200AB30EA872A977956D","1147.929","note_add","22","1"
"D7CC5D5C6F46B32168D74B9F383A2AB8648C77EBC6CD200AB30EA872A977956D","1088.655","note_add","15","5"
"D7CC5D5C6F46B32168D74B9F383A2AB8648C77EBC6CD200AB30EA872A977956D","1146.658","note_add","23","1"
"D7CC5D5C6F46B32168D74B9F383A2AB8648C77EBC6CD200AB30EA872A977956D","1142.645","note_add","12","2"
"D7CC5D5C6F46B32168D74B9F383A2AB8648C77EBC6CD200AB30EA872A977956D","1080.997","note_add","15","7"
"D7CC5D5C6F46B32168D74B9F383A2AB8648C77EBC6CD200AB30EA872A977956D","1142.26","note_add","3","2"
"D7CC5D5C6F46B32168D74B9F383A2AB8648C77EBC6CD200AB30EA872A977956D","1076.917","note_add","15","8"
"D7CC5D5C6F46B32168D74B9F383A2AB8648C77EBC6CD200AB30EA872A977956D","1080.127","note_add","25","7"
"D7CC5D5C6F46B32168D74B9F383A2AB8648C77EBC6CD200AB30EA872A977956D","1141.542","note_add","14","2"
"D7CC5D5C6F46B32168D74B9F383A2AB8648C77EBC6CD200AB30EA872A977956D","1129.687","note_add","12","5"
"D7CC5D5C6F46B32168D74B9F383A2AB8648C77EBC6CD200AB30EA872A977956D","1079.726","note_add","26","7"
"D7CC5D5C6F46B32168D74B9F383A2AB8648C77EBC6CD200AB30EA872A977956D","1129.202","note_add","13","5"
"D7CC5D5C6F46B32168D74B9F383A2AB8648C77EBC6CD200AB30EA872A977956D","1128.767","note_add","14","5"
"D7CC5D5C6F46B32168D74B9F383A2AB8648C77EBC6CD200AB30EA872A977956D","1124.687","note_add","23","9"
"D7CC5D5C6F46B32168D74B9F383A2AB8648C77EBC6CD200AB30EA872A977956D","1069.81","note_add","7","9"
"D7CC5D5C6F46B32168D74B9F383A2AB8648C77EBC6CD200AB30EA872A977956D","1124.069","note_add","14","9"
"D7CC5D5C6F46B32168D74B9F383A2AB8648C77EBC6CD200AB30EA872A977956D","1064.744","note_add","45","1"
"D7CC5D5C6F46B32168D74B9F383A2AB8648C77EBC6CD200AB30EA872A977956D","1064.158","note_add","37","1"
"D7CC5D5C6F46B32168D74B9F383A2AB8648C77EBC6CD200AB30EA872A977956D","1063.724","note_add","28","1"
"D7CC5D5C6F46B32168D74B9F383A2AB8648C77EBC6CD200AB30EA872A977956D","1063.305","note_add","29","1"
"D7CC5D5C6F46B32168D74B9F383A2AB8648C77EBC6CD200AB30EA872A977956D","1062.887","note_add","38","1"
"D7CC5D5C6F46B32168D74B9F383A2AB8648C77EBC6CD200AB30EA872A977956D","1062.503","note_add","47","1"
"D7CC5D5C6F46B32168D74B9F383A2AB8648C77EBC6CD200AB30EA872A977956D","1076.031","note_add","26","8"
"D7CC5D5C6F46B32168D74B9F383A2AB8648C77EBC6CD200AB30EA872A977956D","1075.579","note_add","17","8"
"D7CC5D5C6F46B32168D74B9F383A2AB8648C77EBC6CD200AB30EA872A977956D","1076.449","note_add","25","8"
"D7CC5D5C6F46B32168D74B9F383A2AB8648C77EBC6CD200AB30EA872A977956D","1071.399","note_add","15","9"
"D7CC5D5C6F46B32168D74B9F383A2AB8648C77EBC6CD200AB30EA872A977956D","1070.931","note_add","25","9"
"D7CC5D5C6F46B32168D74B9F383A2AB8648C77EBC6CD200AB30EA872A977956D","1070.279","note_add","6","9"
"D7CC5D5C6F46B32168D74B9F383A2AB8648C77EBC6CD200AB30EA872A977956D","1058.958","note_add","37","2"
"D7CC5D5C6F46B32168D74B9F383A2AB8648C77EBC6CD200AB30EA872A977956D","1058.573","note_add","38","2"
"D7CC5D5C6F46B32168D74B9F383A2AB8648C77EBC6CD200AB30EA872A977956D","1054.292","note_add","37","3"
"D7CC5D5C6F46B32168D74B9F383A2AB8648C77EBC6CD200AB30EA872A977956D","1058.105","note_add","45","2"
"D7CC5D5C6F46B32168D74B9F383A2AB8648C77EBC6CD200AB30EA872A977956D","1053.807","note_add","28","3"
"D7CC5D5C6F46B32168D74B9F383A2AB8648C77EBC6CD200AB30EA872A977956D","1057.653","note_add","47","2"
"D7CC5D5C6F46B32168D74B9F383A2AB8648C77EBC6CD200AB30EA872A977956D","1053.439","note_add","29","3"
"D7CC5D5C6F46B32168D74B9F383A2AB8648C77EBC6CD200AB30EA872A977956D","1053.072","note_add","38","3"
"D7CC5D5C6F46B32168D74B9F383A2AB8648C77EBC6CD200AB30EA872A977956D","1049.644","note_add","45","4"
"D7CC5D5C6F46B32168D74B9F383A2AB8648C77EBC6CD200AB30EA872A977956D","1049.176","note_add","37","4"
"D7CC5D5C6F46B32168D74B9F383A2AB8648C77EBC6CD200AB30EA872A977956D","1048.757","note_remove","37","4"
"D7CC5D5C6F46B32168D74B9F383A2AB8648C77EBC6CD200AB30EA872A977956D","1048.139","note_add","37","4"
"D7CC5D5C6F46B32168D74B9F383A2AB8648C77EBC6CD200AB30EA872A977956D","1047.704","note_add","28","4"
"D7CC5D5C6F46B32168D74B9F383A2AB8648C77EBC6CD200AB30EA872A977956D","1044.778","note_add","47","5"
"D7CC5D5C6F46B32168D74B9F383A2AB8648C77EBC6CD200AB30EA872A977956D","1044.393","note_add","38","5"
"D7CC5D5C6F46B32168D74B9F383A2AB8648C77EBC6CD200AB30EA872A977956D","1044.008","note_add","29","5"
"D7CC5D5C6F46B32168D74B9F383A2AB8648C77EBC6CD200AB30EA872A977956D","1043.306","note_add","45","5"
"D7CC5D5C6F46B32168D74B9F383A2AB8648C77EBC6CD200AB30EA872A977956D","1037.186","note_add","47","8"
"D7CC5D5C6F46B32168D74B9F383A2AB8648C77EBC6CD200AB30EA872A977956D","1036.751","note_add","38","8"
"D7CC5D5C6F46B32168D74B9F383A2AB8648C77EBC6CD200AB30EA872A977956D","1036.35","note_add","29","8"
"D7CC5D5C6F46B32168D74B9F383A2AB8648C77EBC6CD200AB30EA872A977956D","1035.748","note_add","54","8"
"D7CC5D5C6F46B32168D74B9F383A2AB8648C77EBC6CD200AB30EA872A977956D","1034.979","note_remove","54","8"
"D7CC5D5C6F46B32168D74B9F383A2AB8648C77EBC6CD200AB30EA872A977956D","1031.468","note_add","30","1"
"D7CC5D5C6F46B32168D74B9F383A2AB8648C77EBC6CD200AB30EA872A977956D","1034.36","note_add","45","8"
"D7CC5D5C6F46B32168D74B9F383A2AB8648C77EBC6CD200AB30EA872A977956D","1031.049","note_add","39","1"
"D7CC5D5C6F46B32168D74B9F383A2AB8648C77EBC6CD200AB30EA872A977956D","1030.698","note_add","48","1"
"D7CC5D5C6F46B32168D74B9F383A2AB8648C77EBC6CD200AB30EA872A977956D","1028.057","note_add","40","1"
"D7CC5D5C6F46B32168D74B9F383A2AB8648C77EBC6CD200AB30EA872A977956D","1027.555","note_add","41","1"
"D7CC5D5C6F46B32168D74B9F383A2AB8648C77EBC6CD200AB30EA872A977956D","1027.103","note_add","50","1"
"D7CC5D5C6F46B32168D74B9F383A2AB8648C77EBC6CD200AB30EA872A977956D","1026.685","note_add","32","1"
"D7CC5D5C6F46B32168D74B9F383A2AB8648C77EBC6CD200AB30EA872A977956D","1023.443","note_add","48","8"
"D7CC5D5C6F46B32168D74B9F383A2AB8648C77EBC6CD200AB30EA872A977956D","1022.01","note_add","50","2"
"D7CC5D5C6F46B32168D74B9F383A2AB8648C77EBC6CD200AB30EA872A977956D","1023.06","note_remove","48","8"
"D7CC5D5C6F46B32168D74B9F383A2AB8648C77EBC6CD200AB30EA872A977956D","1022.427","note_add","48","2"
"D7CC5D5C6F46B32168D74B9F383A2AB8648C77EBC6CD200AB30EA872A977956D","1020.327","note_remove","47","2"
"D7CC5D5C6F46B32168D74B9F383A2AB8648C77EBC6CD200AB30EA872A977956D","1012.612","note_add","40","4"
"D7CC5D5C6F46B32168D74B9F383A2AB8648C77EBC6CD200AB30EA872A977956D","1011.663","note_add","41","4"
"D7CC5D5C6F46B32168D74B9F383A2AB8648C77EBC6CD200AB30EA872A977956D","1010.779","note_add","32","4"
"D7CC5D5C6F46B32168D74B9F383A2AB8648C77EBC6CD200AB30EA872A977956D","1011.246","note_add","50","4"
"D7CC5D5C6F46B32168D74B9F383A2AB8648C77EBC6CD200AB30EA872A977956D","1006.797","note_add","30","5"
"D7CC5D5C6F46B32168D74B9F383A2AB8648C77EBC6CD200AB30EA872A977956D","1003.948","note_add","48","5"
"D7CC5D5C6F46B32168D74B9F383A2AB8648C77EBC6CD200AB30EA872A977956D","1006.414","note_add","32","5"
"D7CC5D5C6F46B32168D74B9F383A2AB8648C77EBC6CD200AB30EA872A977956D","1002.515","note_remove","38","5"
"D7CC5D5C6F46B32168D74B9F383A2AB8648C77EBC6CD200AB30EA872A977956D","1003.448","note_add","50","5"
"D7CC5D5C6F46B32168D74B9F383A2AB8648C77EBC6CD200AB30EA872A977956D","998.3158","number_add","40","6"
"D7CC5D5C6F46B32168D74B9F383A2AB8648C77EBC6CD200AB30EA872A977956D","993.2338","note_add","48","7"
"D7CC5D5C6F46B32168D74B9F383A2AB8648C77EBC6CD200AB30EA872A977956D","993.7336","note_add","39","7"
"D7CC5D5C6F46B32168D74B9F383A2AB8648C77EBC6CD200AB30EA872A977956D","991.8007","note_add","58","7"
"D7CC5D5C6F46B32168D74B9F383A2AB8648C77EBC6CD200AB30EA872A977956D","985.3189","note_add","30","8"
"D7CC5D5C6F46B32168D74B9F383A2AB8648C77EBC6CD200AB30EA872A977956D","991.2508","note_add","67","7"
"D7CC5D5C6F46B32168D74B9F383A2AB8648C77EBC6CD200AB30EA872A977956D","984.8022","note_add","39","8"
"D7CC5D5C6F46B32168D74B9F383A2AB8648C77EBC6CD200AB30EA872A977956D","984.3357","note_add","48","8"
"D7CC5D5C6F46B32168D74B9F383A2AB8648C77EBC6CD200AB30EA872A977956D","983.7525","note_add","50","8"
"D7CC5D5C6F46B32168D74B9F383A2AB8648C77EBC6CD200AB30EA872A977956D","976.3209","note_add","43","1"
"D7CC5D5C6F46B32168D74B9F383A2AB8648C77EBC6CD200AB30EA872A977956D","982.5527","note_add","32","8"
"D7CC5D5C6F46B32168D74B9F383A2AB8648C77EBC6CD200AB30EA872A977956D","975.2545","note_add","35","1"
"D7CC5D5C6F46B32168D74B9F383A2AB8648C77EBC6CD200AB30EA872A977956D","983.1359","note_add","41","8"
"D7CC5D5C6F46B32168D74B9F383A2AB8648C77EBC6CD200AB30EA872A977956D","972.4218","note_add","42","3"
"D7CC5D5C6F46B32168D74B9F383A2AB8648C77EBC6CD200AB30EA872A977956D","975.8376","note_add","52","1"
"D7CC5D5C6F46B32168D74B9F383A2AB8648C77EBC6CD200AB30EA872A977956D","972.0552","note_add","33","3"
"D7CC5D5C6F46B32168D74B9F383A2AB8648C77EBC6CD200AB30EA872A977956D","971.6553","note_add","43","3"
"D7CC5D5C6F46B32168D74B9F383A2AB8648C77EBC6CD200AB30EA872A977956D","967.8229","note_add","43","4"
"D7CC5D5C6F46B32168D74B9F383A2AB8648C77EBC6CD200AB30EA872A977956D","971.2221","note_add","35","3"
"D7CC5D5C6F46B32168D74B9F383A2AB8648C77EBC6CD200AB30EA872A977956D","967.3897","note_add","52","4"
"D7CC5D5C6F46B32168D74B9F383A2AB8648C77EBC6CD200AB30EA872A977956D","966.8898","note_add","35","4"
"D7CC5D5C6F46B32168D74B9F383A2AB8648C77EBC6CD200AB30EA872A977956D","961.4243","note_add","35","6"
"D7CC5D5C6F46B32168D74B9F383A2AB8648C77EBC6CD200AB30EA872A977956D","962.6907","note_add","33","6"
"D7CC5D5C6F46B32168D74B9F383A2AB8648C77EBC6CD200AB30EA872A977956D","957.6752","note_add","42","7"
"D7CC5D5C6F46B32168D74B9F383A2AB8648C77EBC6CD200AB30EA872A977956D","957.2753","note_add","43","7"
"D7CC5D5C6F46B32168D74B9F383A2AB8648C77EBC6CD200AB30EA872A977956D","960.7578","note_add","51","6"
"D7CC5D5C6F46B32168D74B9F383A2AB8648C77EBC6CD200AB30EA872A977956D","956.8588","note_add","51","7"
"D7CC5D5C6F46B32168D74B9F383A2AB8648C77EBC6CD200AB30EA872A977956D","952.5432","note_add","51","8"
"D7CC5D5C6F46B32168D74B9F383A2AB8648C77EBC6CD200AB30EA872A977956D","956.4422","note_add","52","7"
"D7CC5D5C6F46B32168D74B9F383A2AB8648C77EBC6CD200AB30EA872A977956D","952.1766","note_add","52","8"
"D7CC5D5C6F46B32168D74B9F383A2AB8648C77EBC6CD200AB30EA872A977956D","951.2435","note_add","42","8"
"D7CC5D5C6F46B32168D74B9F383A2AB8648C77EBC6CD200AB30EA872A977956D","950.6936","note_add","33","8"
"D7CC5D5C6F46B32168D74B9F383A2AB8648C77EBC6CD200AB30EA872A977956D","936.0964","note_add","38","9"
"D7CC5D5C6F46B32168D74B9F383A2AB8648C77EBC6CD200AB30EA872A977956D","950.2104","note_add","43","8"
"D7CC5D5C6F46B32168D74B9F383A2AB8648C77EBC6CD200AB30EA872A977956D","933.0142","number_add","37","9"
"D7CC5D5C6F46B32168D74B9F383A2AB8648C77EBC6CD200AB30EA872A977956D","949.6605","note_add","35","8"
"D7CC5D5C6F46B32168D74B9F383A2AB8648C77EBC6CD200AB30EA872A977956D","931.5146","note_remove","38","9"
"D7CC5D5C6F46B32168D74B9F383A2AB8648C77EBC6CD200AB30EA872A977956D","936.6796","note_add","37","9"
"D7CC5D5C6F46B32168D74B9F383A2AB8648C77EBC6CD200AB30EA872A977956D","924.0663","note_remove","1","9"
"D7CC5D5C6F46B32168D74B9F383A2AB8648C77EBC6CD200AB30EA872A977956D","924.8162","note_remove","10","9"
"D7CC5D5C6F46B32168D74B9F383A2AB8648C77EBC6CD200AB30EA872A977956D","918.7009","note_add","54","1"
"D7CC5D5C6F46B32168D74B9F383A2AB8648C77EBC6CD200AB30EA872A977956D","918.0844","note_add","55","1"
"D7CC5D5C6F46B32168D74B9F383A2AB8648C77EBC6CD200AB30EA872A977956D","917.6346","note_add","72","1"
"D7CC5D5C6F46B32168D74B9F383A2AB8648C77EBC6CD200AB30EA872A977956D","917.1844","note_add","73","1"
"D7CC5D5C6F46B32168D74B9F383A2AB8648C77EBC6CD200AB30EA872A977956D","916.6512","note_add","74","1"
"D7CC5D5C6F46B32168D74B9F383A2AB8648C77EBC6CD200AB30EA872A977956D","913.7524","note_add","65","2"
"D7CC5D5C6F46B32168D74B9F383A2AB8648C77EBC6CD200AB30EA872A977956D","914.3184","note_add","55","2"
"D7CC5D5C6F46B32168D74B9F383A2AB8648C77EBC6CD200AB30EA872A977956D","908.8527","note_add","63","3"
"D7CC5D5C6F46B32168D74B9F383A2AB8648C77EBC6CD200AB30EA872A977956D","908.3028","note_add","65","3"
"D7CC5D5C6F46B32168D74B9F383A2AB8648C77EBC6CD200AB30EA872A977956D","907.8362","note_add","54","3"
"D7CC5D5C6F46B32168D74B9F383A2AB8648C77EBC6CD200AB30EA872A977956D","907.3364","note_add","55","3"
"D7CC5D5C6F46B32168D74B9F383A2AB8648C77EBC6CD200AB30EA872A977956D","901.7202","note_add","55","4"
"D7CC5D5C6F46B32168D74B9F383A2AB8648C77EBC6CD200AB30EA872A977956D","903.9868","note_add","63","4"
"D7CC5D5C6F46B32168D74B9F383A2AB8648C77EBC6CD200AB30EA872A977956D","903.6364","note_add","54","4"
"D7CC5D5C6F46B32168D74B9F383A2AB8648C77EBC6CD200AB30EA872A977956D","897.9038","note_add","63","5"
"D7CC5D5C6F46B32168D74B9F383A2AB8648C77EBC6CD200AB30EA872A977956D","897.4206","note_add","72","5"
"D7CC5D5C6F46B32168D74B9F383A2AB8648C77EBC6CD200AB30EA872A977956D","895.8707","note_add","74","5"
"D7CC5D5C6F46B32168D74B9F383A2AB8648C77EBC6CD200AB30EA872A977956D","889.7062","note_add","74","6"
"D7CC5D5C6F46B32168D74B9F383A2AB8648C77EBC6CD200AB30EA872A977956D","895.3712","note_add","65","5"
"D7CC5D5C6F46B32168D74B9F383A2AB8648C77EBC6CD200AB30EA872A977956D","882.925","note_add","73","7"
"D7CC5D5C6F46B32168D74B9F383A2AB8648C77EBC6CD200AB30EA872A977956D","890.1727","note_add","65","6"
"D7CC5D5C6F46B32168D74B9F383A2AB8648C77EBC6CD200AB30EA872A977956D","881.8253","note_add","74","7"
"D7CC5D5C6F46B32168D74B9F383A2AB8648C77EBC6CD200AB30EA872A977956D","882.4418","note_add","55","7"
"D7CC5D5C6F46B32168D74B9F383A2AB8648C77EBC6CD200AB30EA872A977956D","881.2588","note_add","65","7"
"D7CC5D5C6F46B32168D74B9F383A2AB8648C77EBC6CD200AB30EA872A977956D","878.0428","note_add","57","1"
"D7CC5D5C6F46B32168D74B9F383A2AB8648C77EBC6CD200AB30EA872A977956D","877.0767","note_add","77","1"
"D7CC5D5C6F46B32168D74B9F383A2AB8648C77EBC6CD200AB30EA872A977956D","876.2935","note_add","58","1"
"D7CC5D5C6F46B32168D74B9F383A2AB8648C77EBC6CD200AB30EA872A977956D","871.4945","note_add","66","4"
"D7CC5D5C6F46B32168D74B9F383A2AB8648C77EBC6CD200AB30EA872A977956D","871.028","note_add","67","4"
"D7CC5D5C6F46B32168D74B9F383A2AB8648C77EBC6CD200AB30EA872A977956D","870.2948","note_add","68","4"
"D7CC5D5C6F46B32168D74B9F383A2AB8648C77EBC6CD200AB30EA872A977956D","869.645","note_add","58","4"
"D7CC5D5C6F46B32168D74B9F383A2AB8648C77EBC6CD200AB30EA872A977956D","868.8951","note_add","57","4"
"D7CC5D5C6F46B32168D74B9F383A2AB8648C77EBC6CD200AB30EA872A977956D","865.1462","note_add","66","5"
"D7CC5D5C6F46B32168D74B9F383A2AB8648C77EBC6CD200AB30EA872A977956D","864.7131","note_add","67","5"
"D7CC5D5C6F46B32168D74B9F383A2AB8648C77EBC6CD200AB30EA872A977956D","864.3298","note_add","68","5"
"D7CC5D5C6F46B32168D74B9F383A2AB8648C77EBC6CD200AB30EA872A977956D","863.8966","note_add","77","5"
"D7CC5D5C6F46B32168D74B9F383A2AB8648C77EBC6CD200AB30EA872A977956D","860.9312","note_remove","67","7"
"D7CC5D5C6F46B32168D74B9F383A2AB8648C77EBC6CD200AB30EA872A977956D","860.3979","note_add","67","7"
"D7CC5D5C6F46B32168D74B9F383A2AB8648C77EBC6CD200AB30EA872A977956D","848.6684","note_add","77","9"
"D7CC5D5C6F46B32168D74B9F383A2AB8648C77EBC6CD200AB30EA872A977956D","856.1323","note_add","77","8"
"D7CC5D5C6F46B32168D74B9F383A2AB8648C77EBC6CD200AB30EA872A977956D","843.8033","note_add","62","2"
"D7CC5D5C6F46B32168D74B9F383A2AB8648C77EBC6CD200AB30EA872A977956D","848.2352","note_add","68","9"
"D7CC5D5C6F46B32168D74B9F383A2AB8648C77EBC6CD200AB30EA872A977956D","847.4854","note_add","66","9"
"D7CC5D5C6F46B32168D74B9F383A2AB8648C77EBC6CD200AB30EA872A977956D","854.9992","note_add","57","8"
"D7CC5D5C6F46B32168D74B9F383A2AB8648C77EBC6CD200AB30EA872A977956D","844.2032","note_add","71","2"
"D7CC5D5C6F46B32168D74B9F383A2AB8648C77EBC6CD200AB30EA872A977956D","843.2701","note_add","60","2"
"D7CC5D5C6F46B32168D74B9F383A2AB8648C77EBC6CD200AB30EA872A977956D","839.6873","note_add","70","9"
"D7CC5D5C6F46B32168D74B9F383A2AB8648C77EBC6CD200AB30EA872A977956D","838.1716","note_remove","62","9"
"D7CC5D5C6F46B32168D74B9F383A2AB8648C77EBC6CD200AB30EA872A977956D","839.3374","note_add","71","9"
"D7CC5D5C6F46B32168D74B9F383A2AB8648C77EBC6CD200AB30EA872A977956D","837.6884","note_remove","71","9"
"D7CC5D5C6F46B32168D74B9F383A2AB8648C77EBC6CD200AB30EA872A977956D","837.2885","note_remove","70","9"
"D7CC5D5C6F46B32168D74B9F383A2AB8648C77EBC6CD200AB30EA872A977956D","834.9224","note_add","60","3"
"D7CC5D5C6F46B32168D74B9F383A2AB8648C77EBC6CD200AB30EA872A977956D","829.6071","note_add","71","6"
"D7CC5D5C6F46B32168D74B9F383A2AB8648C77EBC6CD200AB30EA872A977956D","829.0904","note_add","78","6"
"D7CC5D5C6F46B32168D74B9F383A2AB8648C77EBC6CD200AB30EA872A977956D","822.392","note_add","78","7"
"D7CC5D5C6F46B32168D74B9F383A2AB8648C77EBC6CD200AB30EA872A977956D","821.2587","note_add","70","7"
"D7CC5D5C6F46B32168D74B9F383A2AB8648C77EBC6CD200AB30EA872A977956D","820.3419","note_add","71","7"
"D7CC5D5C6F46B32168D74B9F383A2AB8648C77EBC6CD200AB30EA872A977956D","819.3417","note_add","60","7"
"D7CC5D5C6F46B32168D74B9F383A2AB8648C77EBC6CD200AB30EA872A977956D","819.8916","note_add","62","7"
"D7CC5D5C6F46B32168D74B9F383A2AB8648C77EBC6CD200AB30EA872A977956D","838.5883","note_add","62","9"
"D7CC5D5C6F46B32168D74B9F383A2AB8648C77EBC6CD200AB30EA872A977956D","815.6097","note_add","78","8"
"D7CC5D5C6F46B32168D74B9F383A2AB8648C77EBC6CD200AB30EA872A977956D","836.0054","note_add","71","3"
"D7CC5D5C6F46B32168D74B9F383A2AB8648C77EBC6CD200AB30EA872A977956D","836.5886","note_add","70","3"
"D7CC5D5C6F46B32168D74B9F383A2AB8648C77EBC6CD200AB30EA872A977956D","815.1763","note_add","79","8"
"D7CC5D5C6F46B32168D74B9F383A2AB8648C77EBC6CD200AB30EA872A977956D","814.7764","note_remove","79","8"
"D7CC5D5C6F46B32168D74B9F383A2AB8648C77EBC6CD200AB30EA872A977956D","835.5389","note_add","62","3"
"D7CC5D5C6F46B32168D74B9F383A2AB8648C77EBC6CD200AB30EA872A977956D","813.7766","note_add","62","8"
"D7CC5D5C6F46B32168D74B9F383A2AB8648C77EBC6CD200AB30EA872A977956D","820.7918","note_add","79","7"
"D7CC5D5C6F46B32168D74B9F383A2AB8648C77EBC6CD200AB30EA872A977956D","813.2434","note_add","70","8"
"D7CC5D5C6F46B32168D74B9F383A2AB8648C77EBC6CD200AB30EA872A977956D","814.3098","note_add","71","8"
"D7CC5D5C6F46B32168D74B9F383A2AB8648C77EBC6CD200AB30EA872A977956D","812.6602","note_add","79","8"
"D7CC5D5C6F46B32168D74B9F383A2AB8648C77EBC6CD200AB30EA872A977956D","811.2272","note_add","79","8"
"D7CC5D5C6F46B32168D74B9F383A2AB8648C77EBC6CD200AB30EA872A977956D","811.9271","note_remove","79","8"
"D7CC5D5C6F46B32168D74B9F383A2AB8648C77EBC6CD200AB30EA872A977956D","810.6107","note_add","60","8"
"D7CC5D5C6F46B32168D74B9F383A2AB8648C77EBC6CD200AB30EA872A977956D","809.0109","note_add","78","9"
"D7CC5D5C6F46B32168D74B9F383A2AB8648C77EBC6CD200AB30EA872A977956D","808.3275","note_add","79","9"
"D7CC5D5C6F46B32168D74B9F383A2AB8648C77EBC6CD200AB30EA872A977956D","807.8111","note_add","70","9"
"D7CC5D5C6F46B32168D74B9F383A2AB8648C77EBC6CD200AB30EA872A977956D","800.1954","number_add","6","5"
"D7CC5D5C6F46B32168D74B9F383A2AB8648C77EBC6CD200AB30EA872A977956D","797.6464","note_remove","15","5"
"D7CC5D5C6F46B32168D74B9F383A2AB8648C77EBC6CD200AB30EA872A977956D","787.881","note_remove","7","9"
"D7CC5D5C6F46B32168D74B9F383A2AB8648C77EBC6CD200AB30EA872A977956D","786.7813","number_add","7","9"
"D7CC5D5C6F46B32168D74B9F383A2AB8648C77EBC6CD200AB30EA872A977956D","784.7484","note_remove","25","9"
"D7CC5D5C6F46B32168D74B9F383A2AB8648C77EBC6CD200AB30EA872A977956D","783.2159","note_remove","70","9"
"D7CC5D5C6F46B32168D74B9F383A2AB8648C77EBC6CD200AB30EA872A977956D","782.7327","note_remove","79","9"
"D7CC5D5C6F46B32168D74B9F383A2AB8648C77EBC6CD200AB30EA872A977956D","765.7873","number_add","22","1"
"D7CC5D5C6F46B32168D74B9F383A2AB8648C77EBC6CD200AB30EA872A977956D","758.0889","number_add","13","5"
"D7CC5D5C6F46B32168D74B9F383A2AB8648C77EBC6CD200AB30EA872A977956D","756.123","note_remove","14","1"
"D7CC5D5C6F46B32168D74B9F383A2AB8648C77EBC6CD200AB30EA872A977956D","755.8898","note_remove","14","5"
"D7CC5D5C6F46B32168D74B9F383A2AB8648C77EBC6CD200AB30EA872A977956D","754.9395","note_remove","23","1"
"D7CC5D5C6F46B32168D74B9F383A2AB8648C77EBC6CD200AB30EA872A977956D","753.9897","note_remove","12","1"
"D7CC5D5C6F46B32168D74B9F383A2AB8648C77EBC6CD200AB30EA872A977956D","750.2239","note_remove","18","1"
"D7CC5D5C6F46B32168D74B9F383A2AB8648C77EBC6CD200AB30EA872A977956D","753.7231","note_remove","12","5"
"D7CC5D5C6F46B32168D74B9F383A2AB8648C77EBC6CD200AB30EA872A977956D","747.4579","note_remove","25","1"
"D7CC5D5C6F46B32168D74B9F383A2AB8648C77EBC6CD200AB30EA872A977956D","749.574","note_remove","20","1"
"D7CC5D5C6F46B32168D74B9F383A2AB8648C77EBC6CD200AB30EA872A977956D","746.9751","note_remove","26","1"
"D7CC5D5C6F46B32168D74B9F383A2AB8648C77EBC6CD200AB30EA872A977956D","743.7429","note_remove","35","1"
"D7CC5D5C6F46B32168D74B9F383A2AB8648C77EBC6CD200AB30EA872A977956D","721.632","note_remove","38","2"
"D7CC5D5C6F46B32168D74B9F383A2AB8648C77EBC6CD200AB30EA872A977956D","708.3146","note_remove","51","6"
"D7CC5D5C6F46B32168D74B9F383A2AB8648C77EBC6CD200AB30EA872A977956D","616.2698","note_remove","77","9"
"D7CC5D5C6F46B32168D74B9F383A2AB8648C77EBC6CD200AB30EA872A977956D","604.1392","number_add","74","6"
"D7CC5D5C6F46B32168D74B9F383A2AB8648C77EBC6CD200AB30EA872A977956D","602.173","note_remove","65","6"
"D7CC5D5C6F46B32168D74B9F383A2AB8648C77EBC6CD200AB30EA872A977956D","486.1176","note_remove","58","1"
"D7CC5D5C6F46B32168D74B9F383A2AB8648C77EBC6CD200AB30EA872A977956D","620.3355","number_add","78","9"
"D7CC5D5C6F46B32168D74B9F383A2AB8648C77EBC6CD200AB30EA872A977956D","482.3683","note_remove","67","5"
"D7CC5D5C6F46B32168D74B9F383A2AB8648C77EBC6CD200AB30EA872A977956D","408.9967","number_add","23","9"
"D7CC5D5C6F46B32168D74B9F383A2AB8648C77EBC6CD200AB30EA872A977956D","400.1112","number_add","14","3"
"D7CC5D5C6F46B32168D74B9F383A2AB8648C77EBC6CD200AB30EA872A977956D","364.4324","note_remove","68","4"
"D7CC5D5C6F46B32168D74B9F383A2AB8648C77EBC6CD200AB30EA872A977956D","403.8786","note_remove","18","9"
"D7CC5D5C6F46B32168D74B9F383A2AB8648C77EBC6CD200AB30EA872A977956D","390.1454","number_add","66","9"
"D7CC5D5C6F46B32168D74B9F383A2AB8648C77EBC6CD200AB30EA872A977956D","357.1489","number_add","68","5"
"D7CC5D5C6F46B32168D74B9F383A2AB8648C77EBC6CD200AB30EA872A977956D","402.7622","number_add","9","9"
"D7CC5D5C6F46B32168D74B9F383A2AB8648C77EBC6CD200AB30EA872A977956D","400.6779","number_add","12","2"
"D7CC5D5C6F46B32168D74B9F383A2AB8648C77EBC6CD200AB30EA872A977956D","369.2652","note_remove","57","4"
"D7CC5D5C6F46B32168D74B9F383A2AB8648C77EBC6CD200AB30EA872A977956D","355.3807","note_remove","77","5"
"D7CC5D5C6F46B32168D74B9F383A2AB8648C77EBC6CD200AB30EA872A977956D","346.964","note_remove","70","8"
"D7CC5D5C6F46B32168D74B9F383A2AB8648C77EBC6CD200AB30EA872A977956D","330.3485","note_remove","32","5"
"D7CC5D5C6F46B32168D74B9F383A2AB8648C77EBC6CD200AB30EA872A977956D","346.4807","note_remove","71","8"
"D7CC5D5C6F46B32168D74B9F383A2AB8648C77EBC6CD200AB30EA872A977956D","328.9655","note_remove","50","5"
"D7CC5D5C6F46B32168D74B9F383A2AB8648C77EBC6CD200AB30EA872A977956D","315.7506","number_add","72","5"
"D7CC5D5C6F46B32168D74B9F383A2AB8648C77EBC6CD200AB30EA872A977956D","312.5838","note_remove","45","5"
"D7CC5D5C6F46B32168D74B9F383A2AB8648C77EBC6CD200AB30EA872A977956D","293.517","note_remove","45","2"
"D7CC5D5C6F46B32168D74B9F383A2AB8648C77EBC6CD200AB30EA872A977956D","310.1502","note_remove","63","5"
"D7CC5D5C6F46B32168D74B9F383A2AB8648C77EBC6CD200AB30EA872A977956D","271.0037","note_remove","10","2"
"D7CC5D5C6F46B32168D74B9F383A2AB8648C77EBC6CD200AB30EA872A977956D","267.7529","note_remove","8","2"
"D7CC5D5C6F46B32168D74B9F383A2AB8648C77EBC6CD200AB30EA872A977956D","266.6031","note_remove","15","2"
"D7CC5D5C6F46B32168D74B9F383A2AB8648C77EBC6CD200AB30EA872A977956D","265.5866","note_remove","17","2"
"D7CC5D5C6F46B32168D74B9F383A2AB8648C77EBC6CD200AB30EA872A977956D","264.3869","number_add","26","2"
"D7CC5D5C6F46B32168D74B9F383A2AB8648C77EBC6CD200AB30EA872A977956D","261.1043","note_remove","62","2"
"D7CC5D5C6F46B32168D74B9F383A2AB8648C77EBC6CD200AB30EA872A977956D","260.0711","note_remove","71","2"
"D7CC5D5C6F46B32168D74B9F383A2AB8648C77EBC6CD200AB30EA872A977956D","257.5716","number_add","60","2"
"D7CC5D5C6F46B32168D74B9F383A2AB8648C77EBC6CD200AB30EA872A977956D","254.7046","note_remove","55","2"
"D7CC5D5C6F46B32168D74B9F383A2AB8648C77EBC6CD200AB30EA872A977956D","253.3544","number_add","65","2"
"D7CC5D5C6F46B32168D74B9F383A2AB8648C77EBC6CD200AB30EA872A977956D","234.164","number_add","71","6"
"D7CC5D5C6F46B32168D74B9F383A2AB8648C77EBC6CD200AB30EA872A977956D","214.9571","note_remove","35","6"
"D7CC5D5C6F46B32168D74B9F383A2AB8648C77EBC6CD200AB30EA872A977956D","210.6552","number_add","33","6"
"D7CC5D5C6F46B32168D74B9F383A2AB8648C77EBC6CD200AB30EA872A977956D","123.8192","number_add","9","8"
"D7CC5D5C6F46B32168D74B9F383A2AB8648C77EBC6CD200AB30EA872A977956D","168.4203","note_remove","15","9"
"D7CC5D5C6F46B32168D74B9F383A2AB8648C77EBC6CD200AB30EA872A977956D","127.537","number_add","63","3"
"D7CC5D5C6F46B32168D74B9F383A2AB8648C77EBC6CD200AB30EA872A977956D","121.5686","number_add","9","9"
"D7CC5D5C6F46B32168D74B9F383A2AB8648C77EBC6CD200AB30EA872A977956D","118.0008","note_remove","45","8"
"D7CC5D5C6F46B32168D74B9F383A2AB8648C77EBC6CD200AB30EA872A977956D","120.8683","number_add","18","8"
"D7CC5D5C6F46B32168D74B9F383A2AB8648C77EBC6CD200AB30EA872A977956D","113.2665","note_remove","25","8"
"D7CC5D5C6F46B32168D74B9F383A2AB8648C77EBC6CD200AB30EA872A977956D","114.6336","note_remove","20","8"
"D7CC5D5C6F46B32168D74B9F383A2AB8648C77EBC6CD200AB30EA872A977956D","107.3476","number_add","70","7"
"D7CC5D5C6F46B32168D74B9F383A2AB8648C77EBC6CD200AB30EA872A977956D","105.731","number_add","58","7"
"D7CC5D5C6F46B32168D74B9F383A2AB8648C77EBC6CD200AB30EA872A977956D","106.6811","number_add","67","4"
"D7CC5D5C6F46B32168D74B9F383A2AB8648C77EBC6CD200AB30EA872A977956D","101.8799","note_remove","55","7"
"D7CC5D5C6F46B32168D74B9F383A2AB8648C77EBC6CD200AB30EA872A977956D","100.0121","number_add","73","7"
"D7CC5D5C6F46B32168D74B9F383A2AB8648C77EBC6CD200AB30EA872A977956D","95.04446","note_remove","10","7"
"D7CC5D5C6F46B32168D74B9F383A2AB8648C77EBC6CD200AB30EA872A977956D","85.97512","note_remove","54","3"
"D7CC5D5C6F46B32168D74B9F383A2AB8648C77EBC6CD200AB30EA872A977956D","85.60834","note_remove","55","3"
"D7CC5D5C6F46B32168D74B9F383A2AB8648C77EBC6CD200AB30EA872A977956D","75.6221","number_add","77","1"
"D7CC5D5C6F46B32168D74B9F383A2AB8648C77EBC6CD200AB30EA872A977956D","76.43901","number_add","79","8"
"D7CC5D5C6F46B32168D74B9F383A2AB8648C77EBC6CD200AB30EA872A977956D","68.65348","note_remove","39","8"
"D7CC5D5C6F46B32168D74B9F383A2AB8648C77EBC6CD200AB30EA872A977956D","74.55511","number_add","57","8"
"D7CC5D5C6F46B32168D74B9F383A2AB8648C77EBC6CD200AB30EA872A977956D","67.50297","note_remove","30","8"
"D7CC5D5C6F46B32168D74B9F383A2AB8648C77EBC6CD200AB30EA872A977956D","53.63207","note_remove","50","2"
"D7CC5D5C6F46B32168D74B9F383A2AB8648C77EBC6CD200AB30EA872A977956D","69.22062","note_remove","48","8"
"D7CC5D5C6F46B32168D74B9F383A2AB8648C77EBC6CD200AB30EA872A977956D","52.78168","number_add","50","2"
"D7CC5D5C6F46B32168D74B9F383A2AB8648C77EBC6CD200AB30EA872A977956D","37.67709","note_remove","43","7"
"D7CC5D5C6F46B32168D74B9F383A2AB8648C77EBC6CD200AB30EA872A977956D","38.46058","note_remove","52","7"
"D7CC5D5C6F46B32168D74B9F383A2AB8648C77EBC6CD200AB30EA872A977956D","34.8432","number_add","25","7"
"D7CC5D5C6F46B32168D74B9F383A2AB8648C77EBC6CD200AB30EA872A977956D","31.87546","number_add","25","0"
"D7CC5D5C6F46B32168D74B9F383A2AB8648C77EBC6CD200AB30EA872A977956D","27.62399","number_add","15","7"
"D7CC5D5C6F46B32168D74B9F383A2AB8648C77EBC6CD200AB30EA872A977956D","-1","difficulty","-1","5"
"D7CC5D5C6F46B32168D74B9F383A2AB8648C77EBC6CD200AB30EA872A977956D","-1","enjoy","-1","5"
"D7CC5D5C6F46B32168D74B9F383A2AB8648C77EBC6CD200AB30EA872A977956D","1189.312","note_remove","9","1"
"D7CC5D5C6F46B32168D74B9F383A2AB8648C77EBC6CD200AB30EA872A977956D","1185.266","note_add","20","1"
